{"meta": {"format": 3, "version": "7.13.0", "timestamp": "2026-03-01T16:33:32.438977", "branch_coverage": false, "show_contexts": false}, "files": {"tests/test_iterloop_issue_enforcement.py": {"executed_lines": [2, 15, 17, 18, 19, 20, 21, 22, 24, 25, 33, 34, 36, 37, 38, 41, 42, 44, 78, 79, 80, 83, 84, 86, 104, 105, 106, 109, 110, 112, 135, 136, 137, 140, 141, 143, 160, 161, 162, 165, 166, 168, 185, 186, 187, 190, 191, 193, 207, 208, 209, 212, 213, 215, 261, 262, 263, 271, 278, 281, 283, 284, 287, 288, 292, 293, 294, 296, 299, 300, 301, 303, 304, 305, 306, 307, 308, 309, 313, 316, 317, 318, 319, 320, 325, 332, 333, 334, 335, 338, 345, 348, 351, 352, 353, 356, 357, 358, 359, 363, 366, 374, 376, 379, 386, 387, 390, 391, 393, 396, 405, 407, 408, 409, 411, 413, 414, 416, 418, 426, 428, 430, 431, 434, 435, 436, 439, 440, 441, 442, 443, 444, 447, 449, 451, 452, 455, 456, 457, 460, 462, 464, 465, 466, 467, 470, 472, 474, 475, 476, 479, 481, 483, 484, 485, 488, 490, 492, 493, 494, 502, 504, 505, 507, 510, 516, 519, 524, 529, 531, 532, 535, 538, 541, 542, 543, 544, 545, 547, 548, 551, 552, 555, 558, 559, 561, 562, 564, 565, 568, 576, 579, 580, 583, 592, 593, 605, 608, 609, 615, 618, 619, 620, 624, 627, 628, 631, 633, 636, 637, 640, 648, 649, 652, 654, 655, 658, 661, 662, 663, 674, 677, 680, 681, 682, 683, 684, 692, 694, 720, 721, 723, 725, 726, 729, 730, 731, 734, 736, 753, 754, 757, 760, 761, 762, 765, 767, 787, 788, 790, 792, 795, 798, 808, 809, 811, 814, 815, 823, 829, 830, 832, 833, 835, 836, 839, 840, 841, 842, 845, 846, 849, 851, 870, 871, 873, 875], "summary": {"covered_lines": 276, "num_statements": 281, "percent_covered": 98.22064056939502, "percent_covered_display": "98", "missing_lines": 5, "excluded_lines": 0, "percent_statements_covered": 98.22064056939502, "percent_statements_covered_display": "98"}, "missing_lines": [289, 311, 314, 321, 322], "excluded_lines": [], "functions": {"fixtures_dir": {"executed_lines": [36, 37, 38], "summary": {"covered_lines": 3, "num_statements": 3, "percent_covered": 100.0, "percent_covered_display": "100", "missing_lines": 0, "excluded_lines": 0, "percent_statements_covered": 100.0, "percent_statements_covered_display": "100"}, "missing_lines": [], "excluded_lines": []}, "valid_with_issues_md": {"executed_lines": [44, 78, 79, 80], "summary": {"covered_lines": 4, "num_statements": 4, "percent_covered": 100.0, "percent_covered_display": "100", "missing_lines": 0, "excluded_lines": 0, "percent_statements_covered": 100.0, "percent_statements_covered_display": "100"}, "missing_lines": [], "excluded_lines": []}, "valid_empty_issues_md": {"executed_lines": [86, 104, 105, 106], "summary": {"covered_lines": 4, "num_statements": 4, "percent_covered": 100.0, "percent_covered_display": "100", "missing_lines": 0, "excluded_lines": 0, "percent_statements_covered": 100.0, "percent_statements_covered_display": "100"}, "missing_lines": [], "excluded_lines": []}, "invalid_missing_field_md": {"executed_lines": [112, 135, 136, 137], "summary": {"covered_lines": 4, "num_statements": 4, "percent_covered": 100.0, "percent_covered_display": "100", "missing_lines": 0, "excluded_lines": 0, "percent_statements_covered": 100.0, "percent_statements_covered_display": "100"}, "missing_lines": [], "excluded_lines": []}, "invalid_missing_impact_md": {"executed_lines": [143, 160, 161, 162], "summary": {"covered_lines": 4, "num_statements": 4, "percent_covered": 100.0, "percent_covered_display": "100", "missing_lines": 0, "excluded_lines": 0, "percent_statements_covered": 100.0, "percent_statements_covered_display": "100"}, "missing_lines": [], "excluded_lines": []}, "invalid_missing_time_md": {"executed_lines": [168, 185, 186, 187], "summary": {"covered_lines": 4, "num_statements": 4, "percent_covered": 100.0, "percent_covered_display": "100", "missing_lines": 0, "excluded_lines": 0, "percent_statements_covered": 100.0, "percent_statements_covered_display": "100"}, "missing_lines": [], "excluded_lines": []}, "invalid_no_section_md": {"executed_lines": [193, 207, 208, 209], "summary": {"covered_lines": 4, "num_statements": 4, "percent_covered": 100.0, "percent_covered_display": "100", "missing_lines": 0, "excluded_lines": 0, "percent_statements_covered": 100.0, "percent_statements_covered_display": "100"}, "missing_lines": [], "excluded_lines": []}, "repeated_issues_md": {"executed_lines": [215, 261, 262, 263], "summary": {"covered_lines": 4, "num_statements": 4, "percent_covered": 100.0, "percent_covered_display": "100", "missing_lines": 0, "excluded_lines": 0, "percent_statements_covered": 100.0, "percent_statements_covered_display": "100"}, "missing_lines": [], "excluded_lines": []}, "parse_iterlog_issues": {"executed_lines": [278, 281, 283, 284, 287, 288, 292, 293, 294, 296, 299, 300, 301, 303, 304, 305, 306, 307, 308, 309, 313, 316, 317, 318, 319, 320], "summary": {"covered_lines": 26, "num_statements": 31, "percent_covered": 83.87096774193549, "percent_covered_display": "84", "missing_lines": 5, "excluded_lines": 0, "percent_statements_covered": 83.87096774193549, "percent_statements_covered_display": "84"}, "missing_lines": [289, 311, 314, 321, 322], "excluded_lines": []}, "validate_issue_fields": {"executed_lines": [332, 333, 334, 335], "summary": {"covered_lines": 4, "num_statements": 4, "percent_covered": 100.0, "percent_covered_display": "100", "missing_lines": 0, "excluded_lines": 0, "percent_statements_covered": 100.0, "percent_statements_covered_display": "100"}, "missing_lines": [], "excluded_lines": []}, "validate_iterlog_file": {"executed_lines": [345, 348, 351, 352, 353, 356, 357, 358, 359, 363], "summary": {"covered_lines": 10, "num_statements": 10, "percent_covered": 100.0, "percent_covered_display": "100", "missing_lines": 0, "excluded_lines": 0, "percent_statements_covered": 100.0, "percent_statements_covered_display": "100"}, "missing_lines": [], "excluded_lines": []}, "generate_issue_fingerprint": {"executed_lines": [374, 376, 379, 386, 387, 390, 391, 393], "summary": {"covered_lines": 8, "num_statements": 8, "percent_covered": 100.0, "percent_covered_display": "100", "missing_lines": 0, "excluded_lines": 0, "percent_statements_covered": 100.0, "percent_statements_covered_display": "100"}, "missing_lines": [], "excluded_lines": []}, "group_issues_by_fingerprint": {"executed_lines": [405, 407, 408, 409, 411, 413, 414, 416, 418], "summary": {"covered_lines": 9, "num_statements": 9, "percent_covered": 100.0, "percent_covered_display": "100", "missing_lines": 0, "excluded_lines": 0, "percent_statements_covered": 100.0, "percent_statements_covered_display": "100"}, "missing_lines": [], "excluded_lines": []}, "test_valid_iterlog_with_structured_issues": {"executed_lines": [428, 430, 431, 434, 435, 436, 439, 440, 441, 442, 443, 444], "summary": {"covered_lines": 12, "num_statements": 12, "percent_covered": 100.0, "percent_covered_display": "100", "missing_lines": 0, "excluded_lines": 0, "percent_statements_covered": 100.0, "percent_statements_covered_display": "100"}, "missing_lines": [], "excluded_lines": []}, "test_valid_iterlog_with_empty_issues": {"executed_lines": [449, 451, 452, 455, 456, 457], "summary": {"covered_lines": 6, "num_statements": 6, "percent_covered": 100.0, "percent_covered_display": "100", "missing_lines": 0, "excluded_lines": 0, "percent_statements_covered": 100.0, "percent_statements_covered_display": "100"}, "missing_lines": [], "excluded_lines": []}, "test_invalid_missing_required_field_root_cause": {"executed_lines": [462, 464, 465, 466, 467], "summary": {"covered_lines": 5, "num_statements": 5, "percent_covered": 100.0, "percent_covered_display": "100", "missing_lines": 0, "excluded_lines": 0, "percent_statements_covered": 100.0, "percent_statements_covered_display": "100"}, "missing_lines": [], "excluded_lines": []}, "test_invalid_missing_required_field_impact_area": {"executed_lines": [472, 474, 475, 476], "summary": {"covered_lines": 4, "num_statements": 4, "percent_covered": 100.0,