{
  "timestamp": "2026-03-14T05:53:42.272813Z",
  "total_duration_seconds": 3.14204478263855,
  "summary": {
    "max_overhead_pct": 140.8269837788377,
    "avg_overhead_pct": 69.50277354714824,
    "pass_threshold_pct": 5.0,
    "passed": false,
    "baseline_mean_ms": 0.39856591704301536,
    "worst_case_scenario": "span_creation_100pct"
  },
  "results": [
    {
      "name": "baseline_no_tracing",
      "iterations": 1000,
      "total_time_ms": 398.56591704301536,
      "mean_time_ms": 0.39856591704301536,
      "median_time_ms": 0.3655439941212535,
      "stdev_ms": 0.0726810161111639,
      "min_time_ms": 0.3305179998278618,
      "max_time_ms": 0.9306040592491627,
      "p95_time_ms": 0.5497058271430433,
      "p99_time_ms": 0.6025062012486159,
      "overhead_pct": 0.0,
      "metadata": {
        "description": "No tracing enabled"
      }
    },
    {
      "name": "span_creation_0pct",
      "iterations": 1000,
      "total_time_ms": 479.98096654191613,
      "mean_time_ms": 0.47998096654191613,
      "median_time_ms": 0.43602846562862396,
      "stdev_ms": 0.11813046648052974,
      "min_time_ms": 0.34411391243338585,
      "max_time_ms": 1.1989469639956951,
      "p95_time_ms": 0.6547397584654391,
      "p99_time_ms": 0.8147435053251684,
      "overhead_pct": 20.426997396797987,
      "metadata": {
        "description": "Span creation with 0% sampling",
        "sampling_rate": 0.0
      }
    },
    {
      "name": "span_creation_10pct",
      "iterations": 1000,
      "total_time_ms": 580.5491323117167,
      "mean_time_ms": 0.5805491323117167,
      "median_time_ms": 0.5584816681221128,
      "stdev_ms": 0.25386532078782714,
      "min_time_ms": 0.3510620445013046,
      "max_time_ms": 4.982813959941268,
      "p95_time_ms": 0.7951522711664438,
      "p99_time_ms": 1.714285626076161,
      "overhead_pct": 45.65950260344532,
      "metadata": {
        "description": "Span creation with 10% sampling",
        "sampling_rate": 0.1
      }
    },
    {
      "name": "span_creation_100pct",
      "iterations": 1000,
      "total_time_ms": 959.8542763851583,
      "mean_time_ms": 0.9598542763851583,
      "median_time_ms": 0.6172204157337546,
      "stdev_ms": 1.39872710721122,
      "min_time_ms": 0.48225512728095055,
      "max_time_ms": 17.460260074585676,
      "p95_time_ms": 2.5016669183969467,
      "p99_time_ms": 7.792109451256686,
      "overhead_pct": 140.8269837788377,
      "metadata": {
        "description": "Span creation with 100% sampling",
        "sampling_rate": 1.0
      }
    },
    {
      "name": "nested_spans_depth_5",
      "iterations": 1000,
      "total_time_ms": 681.9367599673569,
      "mean_time_ms": 0.6819367599673569,
      "median_time_ms": 0.6480416050180793,
      "stdev_ms": 0.42924337017307385,
      "min_time_ms": 0.38632284849882126,
      "max_time_ms": 7.4758699629455805,
      "p95_time_ms": 1.0442381259053937,
      "p99_time_ms": 2.041899582836777,
      "overhead_pct": 71.09761040951193,
      "metadata": {
        "description": "Nested spans with depth 5",
        "nesting_depth": 5
      }
    },
    {
      "name": "export_latency",
      "iterations": 100,
      "total_time_ms": 3.1445506028831005,
      "mean_time_ms": 0.031445506028831005,
      "median_time_ms": 0.026189489290118217,
      "stdev_ms": 0.016764521770558406,
      "min_time_ms": 0.023212051019072533,
      "max_time_ms": 0.16458588652312756,
      "p95_time_ms": 0.05285491934046149,
      "p99_time_ms": 0.0774956494569783,
      "overhead_pct": 0.0,
      "metadata": {
        "description": "Span export latency",
        "exporter": "ConsoleSpanExporter"
      }
    }
  ]
}