{
  "timestamp": "2026-03-14T07:07:51.060542Z",
  "total_duration_seconds": 3.1263084411621094,
  "summary": {
    "max_overhead_pct": 32.38990386000423,
    "avg_overhead_pct": 17.361359910767796,
    "pass_threshold_pct": 5.0,
    "passed": false,
    "baseline_mean_ms": 0.5446168368216604,
    "worst_case_scenario": "span_creation_100pct"
  },
  "results": [
    {
      "name": "baseline_no_tracing",
      "iterations": 1000,
      "total_time_ms": 544.6168368216604,
      "mean_time_ms": 0.5446168368216604,
      "median_time_ms": 0.5378164350986481,
      "stdev_ms": 0.12761260327494664,
      "min_time_ms": 0.32074213959276676,
      "max_time_ms": 1.507422886788845,
      "p95_time_ms": 0.7777619990520179,
      "p99_time_ms": 0.9572046436369419,
      "overhead_pct": 0.0,
      "metadata": {
        "description": "No tracing enabled"
      }
    },
    {
      "name": "span_creation_0pct",
      "iterations": 1000,
      "total_time_ms": 652.1721207536757,
      "mean_time_ms": 0.6521721207536757,
      "median_time_ms": 0.5855889758095145,
      "stdev_ms": 0.2602054117385742,
      "min_time_ms": 0.3355550579726696,
      "max_time_ms": 2.729480853304267,
      "p95_time_ms": 1.1042659753002226,
      "p99_time_ms": 1.786806469317525,
      "overhead_pct": 19.748798909651637,
      "metadata": {
        "description": "Span creation with 0% sampling",
        "sampling_rate": 0.0
      }
    },
    {
      "name": "span_creation_10pct",
      "iterations": 1000,
      "total_time_ms": 721.0177066735923,
      "mean_time_ms": 0.7210177066735923,
      "median_time_ms": 0.5998160922899842,
      "stdev_ms": 0.4340650760481849,
      "min_time_ms": 0.33941399306058884,
      "max_time_ms": 5.21993706934154,
      "p95_time_ms": 1.37570749502629,
      "p99_time_ms": 2.5536713935434787,
      "overhead_pct": 32.38990386000423,
      "metadata": {
        "description": "Span creation with 10% sampling",
        "sampling_rate": 0.1
      }
    },
    {
      "name": "span_creation_100pct",
      "iterations": 1000,
      "total_time_ms": 588.6322625447065,
      "mean_time_ms": 0.5886322625447065,
      "median_time_ms": 0.5806400440633297,
      "stdev_ms": 0.27740923353003105,
      "min_time_ms": 0.341102946549654,
      "max_time_ms": 8.711135946214199,
      "p95_time_ms": 0.7660057977773249,
      "p99_time_ms": 0.949409648310393,
      "overhead_pct": 8.081906901724983,
      "metadata": {
        "description": "Span creation with 100% sampling",
        "sampling_rate": 1.0
      }
    },
    {
      "name": "nested_spans_depth_5",
      "iterations": 1000,
      "total_time_ms": 594.8568140156567,
      "mean_time_ms": 0.5948568140156567,
      "median_time_ms": 0.6011069053784013,
      "stdev_ms": 0.12959127525330041,
      "min_time_ms": 0.36961399018764496,
      "max_time_ms": 1.737453043460846,
      "p95_time_ms": 0.7609048392623662,
      "p99_time_ms": 0.9088672441430387,
      "overhead_pct": 9.224829971690324,
      "metadata": {
        "description": "Nested spans with depth 5",
        "nesting_depth": 5
      }
    },
    {
      "name": "export_latency",
      "iterations": 100,
      "total_time_ms": 3.5007346887141466,
      "mean_time_ms": 0.035007346887141466,
      "median_time_ms": 0.02790300641208887,
      "stdev_ms": 0.02038678891715573,
      "min_time_ms": 0.01837010495364666,
      "max_time_ms": 0.168653205037117,
      "p95_time_ms": 0.0709091080352664,
      "p99_time_ms": 0.07945110555738256,
      "overhead_pct": 0.0,
      "metadata": {
        "description": "Span export latency",
        "exporter": "ConsoleSpanExporter"
      }
    }
  ]
}